Component,Condition,Bus1,Bus2
// SP24_OL,,,
MTR40,SP24_PRI_CM4\MMXU1\PPV\zavg >= 50,3,
MTR41,SP24_MAIN_CM4\MMXU1\PPV\zavg >= 50,4,
MTR43,(SP24_MAIN_S42\MMXU1\PPV\phsAB >= 50) | (SP24_MAIN_S42\MMXU1\PPV\phsBC >= 50) | (SP24_MAIN_S42\MMXU1\PPV\phsCA >= 50),4,
MTR44,(SP24_MAIN_B22\MMXU1\PPV\phsAB >= 50) | (SP24_MAIN_B22\MMXU1\PPV\phsBC >= 50) | (SP24_MAIN_B22\MMXU1\PPV\phsCA >= 50),42,
BKR40,(SP24_PLC\PRI_A_Contact) & (SP24_PLC\PRI_Rack_In),3,4
BKR42,(SP24_PLC\MAIN_A_Contact) & (SP24_PLC\MAIN_Rack_In),4,42
BKR43,SP24_PLC\SP10_FDR_A_Contact,42,43
BKR44,SP24_PLC\SP10_GND_A_Contact,43,44
BKR45,SP24_PLC\SP09_FDR_A_Contact,42,45
BKR46,SP24_PLC\SP09_GND_A_Contact,45,46
BKR47,SP24_PLC\SP08_FDR_A_Contact,42,47
BKR48,SP24_PLC\SP08_GND_A_Contact,47,48
BKR49,SP24_PLC\SP07_FDR_A_Contact,42,49
BKR50,SP24_PLC\SP07_GND_A_Contact,49,50
BKR51,SP24_PLC\SP06_FDR_A_Contact,42,51
BKR52,SP24_PLC\SP06_GND_A_Contact,51,52
,,,
// SP26_OL,,,
MTR60,SP26_PRI_CM4\MMXU1\PPV\zavg >= 50,5,
MTR61,SP26_MAIN_CM4\MMXU1\PPV\zavg >= 50,6,
MTR63,(SP26_MAIN_S42\MMXU1\PPV\phsAB >= 50) | (SP26_MAIN_S42\MMXU1\PPV\phsBC >= 50) | (SP26_MAIN_S42\MMXU1\PPV\phsCA >= 50),6,
MTR64,(SP26_MAIN_B22\MMXU1\PPV\phsAB >= 50) | (SP26_MAIN_B22\MMXU1\PPV\phsBC >= 50) | (SP26_MAIN_B22\MMXU1\PPV\phsCA >= 50),62,
BKR60,(SP26_PLC\PRI_A_Contact) & (SP26_PLC\PRI_Rack_In),5,6
BKR62,(SP26_PLC\MAIN_A_Contact) & (SP26_PLC\MAIN_Rack_In),6,62
BKR63,SP26_PLC\SP01_FDR_A_Contact,62,63
BKR64,SP26_PLC\SP01_GND_A_Contact,63,64
BKR65,SP26_PLC\SP02_FDR_A_Contact,62,65
BKR66,SP26_PLC\SP02_GND_A_Contact,65,66
BKR67,SP26_PLC\SP03_FDR_A_Contact,62,67
BKR68,SP26_PLC\SP03_GND_A_Contact,67,68
BKR69,SP26_PLC\SP04_FDR_A_Contact,62,69
BKR70,SP26_PLC\SP04_GND_A_Contact,69,70
BKR71,SP26_PLC\SP05_FDR_A_Contact,62,71
BKR72,SP26_PLC\SP05_GND_A_Contact,71,72
,,,
// MTS2_OL,,,
SRC1,MTS2_MAIN_CM4\MMXU1\PPV\zavg >= 50,2,
MTR1,MTS2_MAIN_CM4\MMXU1\PPV\zavg >= 50,2,
MTR2,MTS2_TIE_1_CM4\MMXU1\PPV\zavg >= 50,7,
MTR3,MTS2_BLDGS_CM4\MMXU1\PPV\zavg >= 50,7,
MTR4,MTS2_LPCY1_CM4\MMXU1\PPV\zavg >= 50,7,
MTR5,MTS2_CYSS1A_CM4\MMXU1\PPV\zavg >= 50,7,
MTR6,MTS2_BXB_CM4\MMXU1\PPV\zavg >= 50,7,
MTR7,MTS2_SP24_CM4\MMXU1\PPV\zavg >= 50,7,
MTR8,MTS2_LP24_CM4\MMXU1\PPV\zavg >= 50,7,
MTR9,MTS2_CP04A_CM4\MMXU1\PPV\zavg >= 50,7,
MTR10,MTS2_CP04B_CM4\MMXU1\PPV\zavg >= 50,7,
MTR11,MTS2_CP05A_CM4\MMXU1\PPV\zavg >= 50,7,
MTR12,MTS2_CP05B_CM4\MMXU1\PPV\zavg >= 50,7,
MTR13,MTS2_CP06A_CM4\MMXU1\PPV\zavg >= 50,7,
MTR14,MTS2_CP06B_CM4\MMXU1\PPV\zavg >= 50,7,
MTR15,MTS2_TIE_3_CM4\MMXU1\PPV\zavg >= 50,7,
//BKR1,0,1,2
BKR7,(MTS2_MAIN_CM4\IOX_GGIO3\ZMtrInd8\zInd) & (MTS2_MAIN_CM4\IOX_GGIO3\ZMtrInd6\zInd),2,7
BKR8,(MTS2_TIE_1_CM4\IOX_GGIO3\ZMtrInd8\zInd) & (MTS2_TIE_1_CM4\IOX_GGIO3\ZMtrInd6\zInd),8,7
BKR9,(MTS2_TIE_3_CM4\IOX_GGIO3\ZMtrInd8\zInd) & (MTS2_TIE_3_CM4\IOX_GGIO3\ZMtrInd6\zInd),7,9
BKR10,(MTS2_BLDGS_CM4\IOX_GGIO3\ZMtrInd8\zInd) & (MTS2_BLDGS_CM4\IOX_GGIO3\ZMtrInd6\zInd),7,10
BKR11,(MTS2_LPCY1_CM4\IOX_GGIO3\ZMtrInd8\zInd) & (MTS2_LPCY1_CM4\IOX_GGIO3\ZMtrInd6\zInd),7,11
BKR12,(MTS2_CYSS1A_CM4\IOX_GGIO3\ZMtrInd8\zInd) & (MTS2_CYSS1A_CM4\IOX_GGIO3\ZMtrInd6\zInd),7,12
BKR13,(MTS2_BXB_CM4\IOX_GGIO3\ZMtrInd8\zInd) & (MTS2_BXB_CM4\IOX_GGIO3\ZMtrInd6\zInd),7,13
BKR14,(MTS2_SP24_CM4\IOX_GGIO3\ZMtrInd8\zInd) & (MTS2_SP24_CM4\IOX_GGIO3\ZMtrInd6\zInd),7,3
BKR15,(MTS2_LP24_CM4\IOX_GGIO3\ZMtrInd8\zInd) & (MTS2_LP24_CM4\IOX_GGIO3\ZMtrInd6\zInd),7,15
BKR16,(MTS2_CP04A_CM4\IOX_GGIO3\ZMtrInd8\zInd) & (MTS2_CP04A_CM4\IOX_GGIO3\ZMtrInd6\zInd),7,16
BKR17,(MTS2_CP04B_CM4\IOX_GGIO3\ZMtrInd8\zInd) & (MTS2_CP04B_CM4\IOX_GGIO3\ZMtrInd6\zInd),7,17
BKR18,(MTS2_CP05A_CM4\IOX_GGIO3\ZMtrInd8\zInd) & (MTS2_CP05A_CM4\IOX_GGIO3\ZMtrInd6\zInd),7,18
BKR19,(MTS2_CP05B_CM4\IOX_GGIO3\ZMtrInd8\zInd) & (MTS2_CP05B_CM4\IOX_GGIO3\ZMtrInd6\zInd),7,19
BKR20,(MTS2_CP06A_CM4\IOX_GGIO3\ZMtrInd8\zInd) & (MTS2_CP06A_CM4\IOX_GGIO3\ZMtrInd6\zInd),7,20
BKR21,(MTS2_CP06B_CM4\IOX_GGIO3\ZMtrInd8\zInd) & (MTS2_CP06B_CM4\IOX_GGIO3\ZMtrInd6\zInd),7,21
,,,
// MTS3_OL,,,
SRC2,MTS3_MAIN_CM4\MMXU1\PPV\zavg >= 50,28,
MTR28,MTS3_MAIN_CM4\MMXU1\PPV\zavg >= 50,28,
MTR16,MTS3_CRN03A_CM4\MMXU1\PPV\zavg >= 50,9,
MTR17,MTS3_CRN03B_CM4\MMXU1\PPV\zavg >= 50,9,
MTR18,MTS3_CRN02A_CM4\MMXU1\PPV\zavg >= 50,9,
MTR19,MTS3_CRN02B_CM4\MMXU1\PPV\zavg >= 50,9,
MTR20,MTS3_CRN01A_CM4\MMXU1\PPV\zavg >= 50,9,
MTR21,MTS3_CRN01B_CM4\MMXU1\PPV\zavg >= 50,9,
MTR22,MTS3_SP26_CM4\MMXU1\PPV\zavg >= 50,9,
MTR23,MTS3_LP26_CM4\MMXU1\PPV\zavg >= 50,9,
MTR24,MTS3_RP1_2_CM4\MMXU1\PPV\zavg >= 50,9,
MTR25,MTS3_CYSS1B_CM4\MMXU1\PPV\zavg >= 50,9,
//BKR2,0,14,28
BKR3,(MTS3_MAIN_CM4\IOX_GGIO3\ZMtrInd8\zInd) & (MTS3_MAIN_CM4\IOX_GGIO3\ZMtrInd6\zInd),28,9
BKR22,(MTS3_CRN03A_CM4\IOX_GGIO3\ZMtrInd8\zInd) & (MTS3_CRN03A_CM4\IOX_GGIO3\ZMtrInd6\zInd),9,22
BKR23,(MTS3_CRN03B_CM4\IOX_GGIO3\ZMtrInd8\zInd) & (MTS3_CRN03B_CM4\IOX_GGIO3\ZMtrInd6\zInd),9,23
BKR24,(MTS3_CRN02A_CM4\IOX_GGIO3\ZMtrInd8\zInd) & (MTS3_CRN02A_CM4\IOX_GGIO3\ZMtrInd6\zInd),9,24
BKR25,(MTS3_CRN02B_CM4\IOX_GGIO3\ZMtrInd8\zInd) & (MTS3_CRN02B_CM4\IOX_GGIO3\ZMtrInd6\zInd),9,25
BKR26,(MTS3_CRN01A_CM4\IOX_GGIO3\ZMtrInd8\zInd) & (MTS3_CRN01A_CM4\IOX_GGIO3\ZMtrInd6\zInd),9,26
BKR27,(MTS3_CRN01B_CM4\IOX_GGIO3\ZMtrInd8\zInd) & (MTS3_CRN01B_CM4\IOX_GGIO3\ZMtrInd6\zInd),9,27
BKR28,(MTS3_SP26_CM4\IOX_GGIO3\ZMtrInd8\zInd) & (MTS3_SP26_CM4\IOX_GGIO3\ZMtrInd6\zInd),9,5
BKR29,(MTS3_LP26_CM4\IOX_GGIO3\ZMtrInd8\zInd) & (MTS3_LP26_CM4\IOX_GGIO3\ZMtrInd6\zInd),9,29
BKR30,(MTS3_RP1_2_CM4\IOX_GGIO3\ZMtrInd8\zInd) & (MTS3_RP1_2_CM4\IOX_GGIO3\ZMtrInd6\zInd),9,30
BKR31,(MTS3_CYSS1B_CM4\IOX_GGIO3\ZMtrInd8\zInd) & (MTS3_CYSS1B_CM4\IOX_GGIO3\ZMtrInd6\zInd),9,31
,,,
// CYSS1A_OL,,,
MTR89,CYSS1A_MAIN_CM4\MMXU1\PPV\zavg >= 50,12,
MTR81,CYSS1A_01L_PM8\MMXU1\PPV\zavg >= 50,80,
MTR82,CYSS1A_02W_PM8\MMXU1\PPV\zavg >= 50,80,
MTR83,CYSS1A_03L_PM8\MMXU1\PPV\zavg >= 50,80,
MTR84,CYSS1A_04W_PM8\MMXU1\PPV\zavg >= 50,80,
MTR85,CYSS1A_05L_PM8\MMXU1\PPV\zavg >= 50,80,
MTR86,CYSS1A_06W_PM8\MMXU1\PPV\zavg >= 50,80,
MTR87,CYSS1A_07L_PM8\MMXU1\PPV\zavg >= 50,80,
MTR88,CYSS1A_08W_PM8\MMXU1\PPV\zavg >= 50,80,
BKR4,0,80,90
BKR80,(CYSS1A_MAIN_CM4\IOX_GGIO3\ZMtrInd8\zInd) & (CYSS1A_MAIN_CM4\IOX_GGIO3\ZMtrInd6\zInd),12,80
BKR81,(CYSS1A_01L_PM8\P26_GGIO1\ZMtrInd1\zInd) & (CYSS1A_01L_PM8\P26_GGIO1\ZMtrInd3\zInd),80,81
BKR82,(CYSS1A_02W_PM8\P26_GGIO1\ZMtrInd1\zInd) & (CYSS1A_02W_PM8\P26_GGIO1\ZMtrInd3\zInd),80,82
BKR83,(CYSS1A_03L_PM8\P26_GGIO1\ZMtrInd1\zInd) & (CYSS1A_03L_PM8\P26_GGIO1\ZMtrInd3\zInd),80,83
BKR84,(CYSS1A_04W_PM8\P26_GGIO1\ZMtrInd1\zInd) & (CYSS1A_04W_PM8\P26_GGIO1\ZMtrInd3\zInd),80,84
BKR85,(CYSS1A_05L_PM8\P26_GGIO1\ZMtrInd1\zInd) & (CYSS1A_05L_PM8\P26_GGIO1\ZMtrInd3\zInd),80,85
BKR86,(CYSS1A_06W_PM8\P26_GGIO1\ZMtrInd1\zInd) & (CYSS1A_06W_PM8\P26_GGIO1\ZMtrInd3\zInd),80,86
BKR87,(CYSS1A_07L_PM8\P26_GGIO1\ZMtrInd1\zInd) & (CYSS1A_07L_PM8\P26_GGIO1\ZMtrInd3\zInd),80,87
BKR88,(CYSS1A_08W_PM8\P26_GGIO1\ZMtrInd1\zInd) & (CYSS1A_08W_PM8\P26_GGIO1\ZMtrInd3\zInd),80,88
,,,
// CYSS1B_OL,,,
MTR99,CYSS1B_MAIN_CM4\MMXU1\PPV\zavg >= 50,31,
MTR91,CYSS1B_07W_PM8\MMXU1\PPV\zavg >= 50,90,
MTR92,CYSS1B_08L_PM8\MMXU1\PPV\zavg >= 50,90,
MTR93,CYSS1B_05W_PM8\MMXU1\PPV\zavg >= 50,90,
MTR94,CYSS1B_06L_PM8\MMXU1\PPV\zavg >= 50,90,
MTR95,CYSS1B_03W_PM8\MMXU1\PPV\zavg >= 50,90,
MTR96,CYSS1B_04L_PM8\MMXU1\PPV\zavg >= 50,90,
MTR97,CYSS1B_01W_PM8\MMXU1\PPV\zavg >= 50,90,
MTR98,CYSS1B_02L_PM8\MMXU1\PPV\zavg >= 50,90,
BKR90,(CYSS1B_MAIN_CM4\IOX_GGIO3\ZMtrInd8\zInd) & (CYSS1B_MAIN_CM4\IOX_GGIO3\ZMtrInd6\zInd),31,90
BKR91,(CYSS1B_07W_PM8\P26_GGIO1\ZMtrInd1\zInd) & (CYSS1B_07W_PM8\P26_GGIO1\ZMtrInd3\zInd),90,91
BKR92,(CYSS1B_08L_PM8\P26_GGIO1\ZMtrInd1\zInd) & (CYSS1B_08L_PM8\P26_GGIO1\ZMtrInd3\zInd),90,92
BKR93,(CYSS1B_05W_PM8\P26_GGIO1\ZMtrInd1\zInd) & (CYSS1B_05W_PM8\P26_GGIO1\ZMtrInd3\zInd),90,93
BKR94,(CYSS1B_06L_PM8\P26_GGIO1\ZMtrInd1\zInd) & (CYSS1B_06L_PM8\P26_GGIO1\ZMtrInd3\zInd),90,94
BKR95,(CYSS1B_03W_PM8\P26_GGIO1\ZMtrInd1\zInd) & (CYSS1B_03W_PM8\P26_GGIO1\ZMtrInd3\zInd),90,95
BKR96,(CYSS1B_04L_PM8\P26_GGIO1\ZMtrInd1\zInd) & (CYSS1B_04L_PM8\P26_GGIO1\ZMtrInd3\zInd),90,96
BKR97,(CYSS1B_01W_PM8\P26_GGIO1\ZMtrInd1\zInd) & (CYSS1B_01W_PM8\P26_GGIO1\ZMtrInd3\zInd),90,97
BKR98,(CYSS1B_02L_PM8\P26_GGIO1\ZMtrInd1\zInd) & (CYSS1B_02L_PM8\P26_GGIO1\ZMtrInd3\zInd),90,98
,,,
// CYSS2A_OL,,,
MTR109,CYSS2A_MAIN_CM4\MMXU1\PPV\zavg >= 50,130,
MTR101,CYSS2A_09L_PM8\MMXU1\PPV\zavg >= 50,100,
MTR102,CYSS2A_10W_PM8\MMXU1\PPV\zavg >= 50,100,
MTR103,CYSS2A_11L_PM8\MMXU1\PPV\zavg >= 50,100,
MTR104,CYSS2A_12W_PM8\MMXU1\PPV\zavg >= 50,100,
MTR105,CYSS2A_13L_PM8\MMXU1\PPV\zavg >= 50,100,
MTR106,CYSS2A_14W_PM8\MMXU1\PPV\zavg >= 50,100,
MTR107,CYSS2A_15L_PM8\MMXU1\PPV\zavg >= 50,100,
MTR108,CYSS2A_16W_PM8\MMXU1\PPV\zavg >= 50,100,
BKR5,0,100,110
BKR100,(CYSS2A_MAIN_CM4\IOX_GGIO3\ZMtrInd8\zInd) & (CYSS2A_MAIN_CM4\IOX_GGIO3\ZMtrInd6\zInd),130,100
BKR101,(CYSS2A_09L_PM8\P26_GGIO1\ZMtrInd1\zInd) & (CYSS2A_09L_PM8\P26_GGIO1\ZMtrInd3\zInd),100,101
BKR102,(CYSS2A_10W_PM8\P26_GGIO1\ZMtrInd1\zInd) & (CYSS2A_10W_PM8\P26_GGIO1\ZMtrInd3\zInd),100,102
BKR103,(CYSS2A_11L_PM8\P26_GGIO1\ZMtrInd1\zInd) & (CYSS2A_11L_PM8\P26_GGIO1\ZMtrInd3\zInd),100,103
BKR104,(CYSS2A_12W_PM8\P26_GGIO1\ZMtrInd1\zInd) & (CYSS2A_12W_PM8\P26_GGIO1\ZMtrInd3\zInd),100,104
BKR105,(CYSS2A_13L_PM8\P26_GGIO1\ZMtrInd1\zInd) & (CYSS2A_13L_PM8\P26_GGIO1\ZMtrInd3\zInd),100,105
BKR106,(CYSS2A_14W_PM8\P26_GGIO1\ZMtrInd1\zInd) & (CYSS2A_14W_PM8\P26_GGIO1\ZMtrInd3\zInd),100,106
BKR107,(CYSS2A_15L_PM8\P26_GGIO1\ZMtrInd1\zInd) & (CYSS2A_15L_PM8\P26_GGIO1\ZMtrInd3\zInd),100,107
BKR108,(CYSS2A_16W_PM8\P26_GGIO1\ZMtrInd1\zInd) & (CYSS2A_16W_PM8\P26_GGIO1\ZMtrInd3\zInd),100,108
,,,
// CYSS2B_OL,,,
MTR119,CYSS2B_MAIN_CM4\MMXU1\PPV\zavg >= 50,142,
MTR111,CYSS2B_15W_PM8\MMXU1\PPV\zavg >= 50,110,
MTR112,CYSS2B_16L_PM8\MMXU1\PPV\zavg >= 50,110,
MTR113,CYSS2B_13W_PM8\MMXU1\PPV\zavg >= 50,110,
MTR114,CYSS2B_14L_PM8\MMXU1\PPV\zavg >= 50,110,
MTR115,CYSS2B_11W_PM8\MMXU1\PPV\zavg >= 50,110,
MTR116,CYSS2B_12L_PM8\MMXU1\PPV\zavg >= 50,110,
MTR117,CYSS2B_09W_PM8\MMXU1\PPV\zavg >= 50,110,
MTR118,CYSS2B_10L_PM8\MMXU1\PPV\zavg >= 50,110,
BKR110,(CYSS2B_MAIN_CM4\IOX_GGIO3\ZMtrInd8\zInd) & (CYSS2B_MAIN_CM4\IOX_GGIO3\ZMtrInd6\zInd),142,110
BKR111,(CYSS2B_15W_PM8\P26_GGIO1\ZMtrInd1\zInd) & (CYSS2B_15W_PM8\P26_GGIO1\ZMtrInd3\zInd),110,111
BKR112,(CYSS2B_16L_PM8\P26_GGIO1\ZMtrInd1\zInd) & (CYSS2B_16L_PM8\P26_GGIO1\ZMtrInd3\zInd),110,112
BKR113,(CYSS2B_13W_PM8\P26_GGIO1\ZMtrInd1\zInd) & (CYSS2B_13W_PM8\P26_GGIO1\ZMtrInd3\zInd),110,113
BKR114,(CYSS2B_14L_PM8\P26_GGIO1\ZMtrInd1\zInd) & (CYSS2B_14L_PM8\P26_GGIO1\ZMtrInd3\zInd),110,114
BKR115,(CYSS2B_11W_PM8\P26_GGIO1\ZMtrInd1\zInd) & (CYSS2B_11W_PM8\P26_GGIO1\ZMtrInd3\zInd),110,115
BKR116,(CYSS2B_12L_PM8\P26_GGIO1\ZMtrInd1\zInd) & (CYSS2B_12L_PM8\P26_GGIO1\ZMtrInd3\zInd),110,116
BKR117,(CYSS2B_09W_PM8\P26_GGIO1\ZMtrInd1\zInd) & (CYSS2B_09W_PM8\P26_GGIO1\ZMtrInd3\zInd),110,117
BKR118,(CYSS2B_10L_PM8\P26_GGIO1\ZMtrInd1\zInd) & (CYSS2B_10L_PM8\P26_GGIO1\ZMtrInd3\zInd),110,118
,,,
// CYS1_OL,,,
SRC3,CYS1_MAIN_CM4\MMXU1\PPV\zavg >= 50,33,
MTR33,CYS1_MAIN_CM4\MMXU1\PPV\zavg >= 50,33,
MTR122,CYS1_SPR_3U_PM8\MMXU1\PPV\zavg >= 50,121,
MTR123,CYS1_SPR_3L_PM8\MMXU1\PPV\zavg >= 50,121,
MTR124,CYS1_SPR_4U_PM8\MMXU1\PPV\zavg >= 50,121,
MTR125,CYS1_IYS1_PM8\MMXU1\PPV\zavg >= 50,121,
MTR126,CYS1_RP3_4_PM8\MMXU1\PPV\zavg >= 50,121,
MTR127,CYS1_RP5_6_PM8\MMXU1\PPV\zavg >= 50,121,
MTR128,CYS1_SPR_6U_PM8\MMXU1\PPV\zavg >= 50,121,
MTR129,CYS1_SPR_6L_PM8\MMXU1\PPV\zavg >= 50,121,
MTR130,CYS1_CYSS2A_PM8\MMXU1\PPV\zavg >= 50,121,
MTR131,CYS1_CYSS3A_PM8\MMXU1\PPV\zavg >= 50,121,
//BKR32,0,32,33
BKR33,(CYS1_MAIN_CM4\IOX_GGIO3\ZMtrInd8\zInd) & (CYS1_MAIN_CM4\IOX_GGIO3\ZMtrInd6\zInd),33,121
BKR121,0,121,141
BKR122,(CYS1_SPR_3U_PM8\P26_GGIO1\ZMtrInd1\zInd) & (CYS1_SPR_3U_PM8\P26_GGIO1\ZMtrInd3\zInd),121,122
BKR123,(CYS1_SPR_3L_PM8\P26_GGIO1\ZMtrInd1\zInd) & (CYS1_SPR_3L_PM8\P26_GGIO1\ZMtrInd3\zInd),121,123
BKR124,(CYS1_SPR_4U_PM8\P26_GGIO1\ZMtrInd1\zInd) & (CYS1_SPR_4U_PM8\P26_GGIO1\ZMtrInd3\zInd),121,124
BKR125,(CYS1_IYS1_PM8\P26_GGIO1\ZMtrInd1\zInd) & (CYS1_IYS1_PM8\P26_GGIO1\ZMtrInd3\zInd),121,125
BKR126,(CYS1_RP3_4_PM8\P26_GGIO1\ZMtrInd1\zInd) & (CYS1_RP3_4_PM8\P26_GGIO1\ZMtrInd3\zInd),121,126
BKR127,(CYS1_RP5_6_PM8\P26_GGIO1\ZMtrInd1\zInd) & (CYS1_RP5_6_PM8\P26_GGIO1\ZMtrInd3\zInd),121,127
BKR128,(CYS1_SPR_6U_PM8\P26_GGIO1\ZMtrInd1\zInd) & (CYS1_SPR_6U_PM8\P26_GGIO1\ZMtrInd3\zInd),121,128
BKR129,(CYS1_SPR_6L_PM8\P26_GGIO1\ZMtrInd1\zInd) & (CYS1_SPR_6L_PM8\P26_GGIO1\ZMtrInd3\zInd),121,129
BKR130,(CYS1_CYSS2A_PM8\P26_GGIO1\ZMtrInd1\zInd) & (CYS1_CYSS2A_PM8\P26_GGIO1\ZMtrInd3\zInd),121,130
BKR131,(CYS1_CYSS3A_PM8\P26_GGIO1\ZMtrInd1\zInd) & (CYS1_CYSS3A_PM8\P26_GGIO1\ZMtrInd3\zInd),121,131
,,,
// CYS2_OL,,,
SRC4,CYS2_MAIN_CM4\MMXU1\PPV\zavg >= 50,35,
MTR35,CYS2_MAIN_CM4\MMXU1\PPV\zavg >= 50,35,
MTR142,CYS2_CYSS2B_PM8\MMXU1\PPV\zavg >= 50,141,
MTR143,CYS2_CYSS3B_PM8\MMXU1\PPV\zavg >= 50,141,
MTR144,CYS2_RP7_8_PM8\MMXU1\PPV\zavg >= 50,141,
MTR145,CYS2_SPR_12L_PM8\MMXU1\PPV\zavg >= 50,141,
MTR146,CYS2_SPR_13U_PM8\MMXU1\PPV\zavg >= 50,141,
MTR147,CYS2_SPR_13L_PM8\MMXU1\PPV\zavg >= 50,141,
MTR148,CYS2_SPR_14U_PM8\MMXU1\PPV\zavg >= 50,141,
MTR149,CYS2_SPR_14L_PM8\MMXU1\PPV\zavg >= 50,141,
MTR150,CYS2_SPR_15U_PM8\MMXU1\PPV\zavg >= 50,141,
MTR151,CYS2_SPR_15L_PM8\MMXU1\PPV\zavg >= 50,141,
//BKR34,0,34,35
BKR35,(CYS2_MAIN_CM4\IOX_GGIO3\ZMtrInd8\zInd) & (CYS2_MAIN_CM4\IOX_GGIO3\ZMtrInd6\zInd),35,141
BKR142,(CYS2_CYSS2B_PM8\P26_GGIO1\ZMtrInd1\zInd) & (CYS2_CYSS2B_PM8\P26_GGIO1\ZMtrInd3\zInd),141,142
BKR143,(CYS2_CYSS3B_PM8\P26_GGIO1\ZMtrInd1\zInd) & (CYS2_CYSS3B_PM8\P26_GGIO1\ZMtrInd3\zInd),141,143
BKR144,(CYS2_RP7_8_PM8\P26_GGIO1\ZMtrInd1\zInd) & (CYS2_RP7_8_PM8\P26_GGIO1\ZMtrInd3\zInd),141,144
BKR145,(CYS2_SPR_12L_PM8\P26_GGIO1\ZMtrInd1\zInd) & (CYS2_SPR_12L_PM8\P26_GGIO1\ZMtrInd3\zInd),141,145
BKR146,(CYS2_SPR_13U_PM8\P26_GGIO1\ZMtrInd1\zInd) & (CYS2_SPR_13U_PM8\P26_GGIO1\ZMtrInd3\zInd),141,146
BKR147,(CYS2_SPR_13L_PM8\P26_GGIO1\ZMtrInd1\zInd) & (CYS2_SPR_13L_PM8\P26_GGIO1\ZMtrInd3\zInd),141,147
BKR148,(CYS2_SPR_14U_PM8\P26_GGIO1\ZMtrInd1\zInd) & (CYS2_SPR_14U_PM8\P26_GGIO1\ZMtrInd3\zInd),141,148
BKR149,(CYS2_SPR_14L_PM8\P26_GGIO1\ZMtrInd1\zInd) & (CYS2_SPR_14L_PM8\P26_GGIO1\ZMtrInd3\zInd),141,149
BKR150,(CYS2_SPR_15U_PM8\P26_GGIO1\ZMtrInd1\zInd) & (CYS2_SPR_15U_PM8\P26_GGIO1\ZMtrInd3\zInd),141,150
BKR151,(CYS2_SPR_15L_PM8\P26_GGIO1\ZMtrInd1\zInd) & (CYS2_SPR_15L_PM8\P26_GGIO1\ZMtrInd3\zInd),141,151
,,,
// LPCY1_OL,,,
MTR53,LPCY1_MAIN_PM8\MMXU1\PPV\zavg >= 50,53,
BKR53,1,11,53
BKR54,LPCY1_MAIN_MTU\XCBR1\Pos = 2,53,54
,,,
// LPCY2_OL,,,
MTR73,LPCY2_MAIN_PM8\MMXU1\PPV\zavg >= 50,73,
BKR73,1,11,73
BKR74,LPCY2_MAIN_MTU\XCBR1\Pos = 2,73,74
,,,
// RP3_OL,,,
MTR55,RP3_MAIN_PM8\MMXU1\PPV\zavg >= 50,55,
BKR55,1,126,55
BKR56,RP3_MAIN_MTU\XCBR1\Pos = 2,55,56
,,,
// RP4_OL,,,
MTR75,RP4_MAIN_PM8\MMXU1\PPV\zavg >= 50,75,
BKR75,1,126,75
BKR76,RP4_MAIN_MTU\XCBR1\Pos = 2,75,76
,,,
// RP5_OL,,,
MTR77,RP5_MAIN_PM8\MMXU1\PPV\zavg >= 50,77,
BKR77,1,127,77
BKR78,RP5_MAIN_MTU\XCBR1\Pos = 2,77,78
,,,
// MSA_OL,,,
MTR180,MSA_MAIN_MTU\MMXU1\PPV\zavg >= 50,180,
BKR180,1,179,180
BKR179,MSA_TIE_MSB_MTU\XCBR1\Pos = 2,181,191
BKR181,(MSA_MAIN_MTU\XCBR1\Pos = 2) & (MSA_MAIN_MTU\XCBR1\CBRkdPos=0),180,181
BKR182,MSA_MDB1_MTU\XCBR1\Pos = 2,181,182
BKR183,MSA_MDB2_MTU\XCBR1\Pos = 2,181,183
BKR184,MSA_MDB3_MTU\XCBR1\Pos = 2,181,184
BKR185,MSA_MDB4_MTU\XCBR1\Pos = 2,181,185
BKR186,MSA_MDB5_MTU\XCBR1\Pos = 2,181,186
BKR187,MSA_MDB6_MTU\XCBR1\Pos = 2,181,187
BKR188,MSA_NHA_MTU\XCBR1\Pos_On,181,188
,,,
// MSB_OL,,,
MTR190,MSB_MAIN_MTU\MMXU1\PPV\zavg >= 50,190,
BKR190,1,189,190
BKR191,(MSB_MAIN_MTU\XCBR1\Pos = 2) & (MSB_MAIN_MTU\XCBR1\CBRkdPos=0),190,191
BKR192,MSB_MDB7_MTU\XCBR1\Pos = 2,191,192
BKR193,MSB_MDB8_MTU\XCBR1\Pos = 2,191,193
BKR194,MSB_MDB9_MTU\XCBR1\Pos = 2,191,194
BKR195,MSB_MDB10_MTU\XCBR1\Pos = 2,191,195
BKR196,MSB_MDB11_MTU\XCBR1\Pos = 2,191,196
BKR197,MSB_MDB12_MTU\XCBR1\Pos = 2,191,197
BKR198,MSB_MDBM_MTU\XCBR1\Pos_On,191,198
,,,
// IYS1_OL,,,
MTR200,IYS1_MAIN_CM4\MMXU1\PPV\zavg >= 50,125,
MTR201,IYS1_IYRMG1_PM8\MMXU1\PPV\zavg >= 50,200,
MTR202,IYS1_TIE_IYS2_PM8\MMXU1\PPV\zavg >= 50,200,
MTR203,IYS1_IYRMG3_PM8\MMXU1\PPV\zavg >= 50,200,
MTR204,IYS1_IYRMG2_PM8\MMXU1\PPV\zavg >= 50,200,
MTR205,IYS1_IYLV1_PM8\MMXU1\PPV\zavg >= 50,200,
MTR206,IYS1_IYCBT1_PM8\MMXU1\PPV\zavg >= 50,200,
MTR208,IYS1_SPR_4L_PM8\MMXU1\PPV\zavg >= 50,200,
BKR200,(IYS1_MAIN_CM4\IOX_GGIO3\ZMtrInd8\zInd) & (IYS1_MAIN_CM4\IOX_GGIO3\ZMtrInd6\zInd),125,200
BKR201,(IYS1_IYRMG1_PM8\P26_GGIO1\ZMtrInd1\zInd) & (IYS1_IYRMG1_PM8\P26_GGIO1\ZMtrInd3\zInd),200,201
BKR202,(IYS1_TIE_IYS2_PM8\P26_GGIO1\ZMtrInd1\zInd) & (IYS1_TIE_IYS2_PM8\P26_GGIO1\ZMtrInd3\zInd),200,202
BKR203,(IYS1_IYRMG3_PM8\P26_GGIO1\ZMtrInd1\zInd) & (IYS1_IYRMG3_PM8\P26_GGIO1\ZMtrInd3\zInd),200,203
BKR204,(IYS1_IYRMG2_PM8\P26_GGIO1\ZMtrInd1\zInd) & (IYS1_IYRMG2_PM8\P26_GGIO1\ZMtrInd3\zInd),200,204
BKR205,(IYS1_IYLV1_PM8\P26_GGIO1\ZMtrInd1\zInd) & (IYS1_IYLV1_PM8\P26_GGIO1\ZMtrInd3\zInd),200,205
BKR206,(IYS1_IYCBT1_PM8\P26_GGIO1\ZMtrInd1\zInd) & (IYS1_IYCBT1_PM8\P26_GGIO1\ZMtrInd3\zInd),200,206
BKR208,(IYS1_SPR_4L_PM8\P26_GGIO1\ZMtrInd1\zInd) & (IYS1_SPR_4L_PM8\P26_GGIO1\ZMtrInd3\zInd),200,208
,,,
// IYLV1_OL,,,
MTR210,IYLV1_MAIN_PM8\MMXU1\PPV\zavg >= 50,210,
BKR210,1,205,210
BKR211,IYLV1_MAIN_MTU\XCBR1\Pos = 2,210,211
,,,
// IYCBT1_OL,,,
MTR213,IYCBT1_MAIN_PM8\MMXU1\PPV\zavg >= 50,213,
BKR213,1,206,213
BKR214,IYCBT1_MAIN_MTU\XCBR1\Pos = 2,213,214
,,,
// RP1_OL,,,
MTR216,RP1_MAIN_PM8\MMXU1\PPV\zavg >= 50,216,
BKR216,1,30,216
BKR217,RP1_MAIN_MTU\XCBR1\Pos = 2,216,217
,,,
// RP2_OL,,,
MTR218,RP2_MAIN_PM8\MMXU1\PPV\zavg >= 50,218,
BKR218,1,30,218
BKR219,RP2_MAIN_MTU\XCBR1\Pos = 2,218,219
,,,
// DB1_OL,,,
MTR220,DB1_MAIN_CM4\MMXU1\PPV\zavg >= 50,220,
BKR221,DB1_M1_MTU\XCBR1\Pos = 2,220,221
BKR222,DB1_PV_MTU\XCBR1\Pos = 2,221,222
,,,
// MSB_SWBD_OL,,,
MTR225,MSB_SWBD_MAIN_CM4\MMXU1\PPV\zavg >= 50,225,
BKR226,MSB_SWBD_MAIN_MTU\XCBR1\Pos = 2,225,226
BKR260,MSB_SWBD_MAIN_CM4\C44_GGIO2\ZMtrInd1\zInd,226,260
BKR261,MSB_SWBD_MAIN_CM4\C44_GGIO2\ZMtrInd2\zInd,226,261
BKR262,MSB_SWBD_MAIN_CM4\C44_GGIO2\ZMtrInd3\zInd,226,262
BKR263,MSB_SWBD_FDR_MTU\XCBR1\Pos = 2,226,263
BKR264,MSB_SWBD_MAIN_CM4\C44_GGIO2\ZMtrInd4\zInd,226,264
BKR265,MSB_SWBD_MAIN_CM4\IOX_GGIO3\ZMtrInd1\zInd,226,265
BKR266,MSB_SWBD_MAIN_CM4\IOX_GGIO3\ZMtrInd2\zInd,226,266
BKR281,1,281,225
,,,
// DPB_OL,,,
MTR230,DPB_MAIN_PM8\MMXU1\PPV\zavg >= 50,230,
BKR231,DPB_MAIN_MTU\XCBR1\Pos = 2,230,231
BKR254,DPB_MAIN_PM8\P26_GGIO1\ZMtrInd6\zInd,231,254
BKR255,DPB_MAIN_PM8\P26_GGIO1\ZMtrInd5\zInd,231,255
BKR256,DPB_MAIN_PM8\P26_GGIO1\ZMtrInd4\zInd,231,256
BKR257,DPB_MAIN_PM8\P26_GGIO1\ZMtrInd3\zInd,231,257
BKR258,DPB_MAIN_PM8\P26_GGIO1\ZMtrInd2\zInd,231,258
BKR259,DPB_MAIN_PM8\P26_GGIO1\ZMtrInd1\zInd,231,259
BKR282,0,282,230
BKR283,1,263,230
SRC50,0,282,

,,,
// DPE_OL,,,
MTR233,DPE_MAIN_PM8\MMXU1\PPV\zavg >= 50,233,
BKR234,DPE_MAIN_MTU\XCBR1\Pos = 2,233,234
BKR235,DPE_MAIN_PM8\P26_GGIO1\ZMtrInd6\zInd,234,235
BKR236,DPE_MAIN_PM8\P26_GGIO1\ZMtrInd5\zInd,234,236
BKR237,DPE_MAIN_PM8\P26_GGIO1\ZMtrInd4\zInd,234,237
BKR238,DPE_MAIN_PM8\P26_GGIO1\ZMtrInd3\zInd,234,238
BKR239,DPE_MAIN_PM8\P26_GGIO1\ZMtrInd2\zInd,234,239
BKR240,DPE_MAIN_PM8\P26_GGIO1\ZMtrInd1\zInd,234,240
,,,
// DPC_OL,,,
MTR241,DPC_MAIN_CM4\MMXU1\PPV\zavg >= 50,241,
BKR242,DPC_MAIN_MTU\XCBR1\Pos = 2,241,242
BKR243,DPC_MAIN_CM4\C44_GGIO2\ZMtrInd1\zInd,242,243
BKR244,DPC_MAIN_CM4\C44_GGIO2\ZMtrInd2\zInd,242,244
BKR245,DPC_MAIN_CM4\C44_GGIO2\ZMtrInd3\zInd,242,245
BKR246,DPC_MAIN_CM4\C44_GGIO2\ZMtrInd4\zInd,242,246
BKR247,DPC_MAIN_CM4\IOX_GGIO3\ZMtrInd1\zInd,242,247
BKR248,DPC_MAIN_CM4\IOX_GGIO3\ZMtrInd2\zInd,242,248
BKR249,DPC_MAIN_CM4\IOX_GGIO3\ZMtrInd3\zInd,242,249
BKR250,DPC_MAIN_CM4\IOX_GGIO3\ZMtrInd4\zInd,242,250
BKR251,DPC_MAIN_CM4\IOX_GGIO3\ZMtrInd5\zInd,242,251
BKR252,DPC_MAIN_CM4\IOX_GGIO3\ZMtrInd6\zInd,242,252
BKR280,1,280,241
,,,
// MDB2_3_OL,,,
BKR268,MDB2_MAIN_MTU\XCBR1\Pos = 2,15,268
BKR269,MDB3_MAIN_MTU\XCBR1\Pos = 2,29,269
,,,
// MDB2_3_OL,,,
MTR270,MSP_MAIN_CM4\MMXU1\PPV\zavg >= 50,270,
BKR271,MSP_MAIN_MTU\XCBR1\Pos = 2,270,271
BKR272,MSP_PSH3_MTU\XCBR1\Pos = 2,271,272
BKR273,MSP_PSH4_MTU\XCBR1\Pos = 2,271,273
BKR274,MSP_PSH1_MTU\XCBR1\Pos = 2,271,274
,,,
// SS1_2_3_OL,,,
BKR290,1,1000,1000
BKR291,1,1000,1000
BKR292,1,1000,1000
BKR293,1,1000,1000
BKR294,1,1000,1000
BKR295,1,1000,1000
BKR296,1,1000,1000
BKR297,1,1000,1000
BKR298,1,1000,1000
,,,
// MDB11_OL,,,
MTR300,BXB_BLDG_MDB11_MTU\MMXU1\PPV\zavg >= 50,196,
BKR300,BXB_BLDG_MDB11_MTU\XCBR1\Pos = 2,196,300
,,,
// MDB12_OL,,,
MTR301,BXB_BLDG_MDB12_MTU\MMXU1\PPV\zavg >= 50,197,
BKR301,BXB_BLDG_MDB12_MTU\XCBR1\Pos = 2,197,301
,,,
// MDB10_OL,,,
MTR302,BXB_BLDG_MDB10_MTU\MMXU1\PPV\zavg >= 50,195,
BKR302,BXB_BLDG_MDB10_MTU\XCBR1\Pos = 2,195,302
,,,
// MDB6_OL,,,
MTR303,BXB_BLDG_MDB6_MTU\MMXU1\PPV\zavg >= 50,187,
BKR303,BXB_BLDG_MDB6_MTU\XCBR1\Pos = 2,187,303
,,,
// MDB5_OL,,,
MTR304,BXB_BLDG_MDB5_MTU\MMXU1\PPV\zavg >= 50,186,
BKR304,BXB_BLDG_MDB5_MTU\XCBR1\Pos = 2,186,304
,,,
// MDB4_OL,,,
MTR305,BXB_BLDG_MDB4_MTU\MMXU1\PPV\zavg >= 50,185,
BKR305,BXB_BLDG_MDB4_MTU\XCBR1\Pos = 2,185,305
,,,
// MDB3_OL,,,
MTR306,BXB_BLDG_MDB3_MTU\MMXU1\PPV\zavg >= 50,184,
BKR306,BXB_BLDG_MDB3_MTU\XCBR1\Pos = 2,184,306
,,,
// CYSS3A_OL,,,
MTR310,CYSS3A_MAIN_CM4\MMXU1\PPV\zavg >= 50,131,
MTR311,CYSS3A_ASC17L_PM8\MMXU1\PPV\zavg >= 50,310,
MTR312,CYSS3A_ASC18W_PM8\MMXU1\PPV\zavg >= 50,310,
MTR313,CYSS3A_ASC19L_PM8\MMXU1\PPV\zavg >= 50,310,
MTR314,CYSS3A_SPR_4L_PM8\MMXU1\PPV\zavg >= 50,310,
MTR315,CYSS3A_ASC21L_PM8\MMXU1\PPV\zavg >= 50,310,
MTR316,CYSS3A_SPR_5L_PM8\MMXU1\PPV\zavg >= 50,310,
MTR317,CYSS3A_ASC23L_PM8\MMXU1\PPV\zavg >= 50,310,
MTR318,CYSS3A_ASC24W_PM8\MMXU1\PPV\zavg >= 50,310,
MTR319,CYSS3A_ASC25L_PM8\MMXU1\PPV\zavg >= 50,310,
MTR320,CYSS3A_SPR_7L_PM8\MMXU1\PPV\zavg >= 50,310,
BKR321,0,310,330
BKR310,(CYSS3A_MAIN_CM4\IOX_GGIO3\ZMtrInd8\zInd) & (CYSS3A_MAIN_CM4\IOX_GGIO3\ZMtrInd6\zInd),131,310
BKR311,(CYSS3A_ASC17L_PM8\P26_GGIO1\ZMtrInd1\zInd) & (CYSS3A_ASC17L_PM8\P26_GGIO1\ZMtrInd3\zInd),310,311
BKR312,(CYSS3A_ASC18W_PM8\P26_GGIO1\ZMtrInd1\zInd) & (CYSS3A_ASC18W_PM8\P26_GGIO1\ZMtrInd3\zInd),310,312
BKR313,(CYSS3A_ASC19L_PM8\P26_GGIO1\ZMtrInd1\zInd) & (CYSS3A_ASC19L_PM8\P26_GGIO1\ZMtrInd3\zInd),310,313
BKR314,(CYSS3A_SPR_4L_PM8\P26_GGIO1\ZMtrInd1\zInd) & (CYSS3A_SPR_4L_PM8\P26_GGIO1\ZMtrInd3\zInd),310,314
BKR315,(CYSS3A_ASC21L_PM8\P26_GGIO1\ZMtrInd1\zInd) & (CYSS3A_ASC21L_PM8\P26_GGIO1\ZMtrInd3\zInd),310,315
BKR316,(CYSS3A_SPR_5L_PM8\P26_GGIO1\ZMtrInd1\zInd) & (CYSS3A_SPR_5L_PM8\P26_GGIO1\ZMtrInd3\zInd),310,316
BKR317,(CYSS3A_ASC23L_PM8\P26_GGIO1\ZMtrInd1\zInd) & (CYSS3A_ASC23L_PM8\P26_GGIO1\ZMtrInd3\zInd),310,317
BKR318,(CYSS3A_ASC24W_PM8\P26_GGIO1\ZMtrInd1\zInd) & (CYSS3A_ASC24W_PM8\P26_GGIO1\ZMtrInd3\zInd),310,318
BKR319,(CYSS3A_ASC25L_PM8\P26_GGIO1\ZMtrInd1\zInd) & (CYSS3A_ASC25L_PM8\P26_GGIO1\ZMtrInd3\zInd),310,319
BKR320,(CYSS3A_SPR_7L_PM8\P26_GGIO1\ZMtrInd1\zInd) & (CYSS3A_SPR_7L_PM8\P26_GGIO1\ZMtrInd3\zInd),310,320
// CYSS3B_OL,,,
MTR330,CYSS3B_MAIN_CM4\MMXU1\PPV\zavg >= 50,143,
MTR331,CYSS3B_ASC25W_PM8\MMXU1\PPV\zavg >= 50,330,
MTR332,CYSS3B_SPR_3L_PM8\MMXU1\PPV\zavg >= 50,330,
MTR333,CYSS3B_ASC23W_PM8\MMXU1\PPV\zavg >= 50,330,
MTR334,CYSS3B_ASC24L_PM8\MMXU1\PPV\zavg >= 50,330,
MTR335,CYSS3B_SPR_5U_PM8\MMXU1\PPV\zavg >= 50,330,
MTR336,CYSS3B_ASC22L_PM8\MMXU1\PPV\zavg >= 50,330,
MTR337,CYSS3B_ASC19W_PM8\MMXU1\PPV\zavg >= 50,330,
MTR338,CYSS3B_ASC20L_PM8\MMXU1\PPV\zavg >= 50,330,
MTR339,CYSS3B_ASC17W_PM8\MMXU1\PPV\zavg >= 50,330,
MTR340,CYSS3B_ASC18L_PM8\MMXU1\PPV\zavg >= 50,330,
BKR330,(CYSS3B_MAIN_CM4\IOX_GGIO3\ZMtrInd8\zInd) & (CYSS3B_MAIN_CM4\IOX_GGIO3\ZMtrInd6\zInd),143,330
BKR331,(CYSS3B_ASC25W_PM8\P26_GGIO1\ZMtrInd1\zInd) & (CYSS3B_ASC25W_PM8\P26_GGIO1\ZMtrInd3\zInd),330,331
BKR332,(CYSS3B_SPR_3L_PM8\P26_GGIO1\ZMtrInd1\zInd) & (CYSS3B_SPR_3L_PM8\P26_GGIO1\ZMtrInd3\zInd),330,332
BKR333,(CYSS3B_ASC23W_PM8\P26_GGIO1\ZMtrInd1\zInd) & (CYSS3B_ASC23W_PM8\P26_GGIO1\ZMtrInd3\zInd),330,333
BKR334,(CYSS3B_ASC24L_PM8\P26_GGIO1\ZMtrInd1\zInd) & (CYSS3B_ASC24L_PM8\P26_GGIO1\ZMtrInd3\zInd),330,334
BKR335,(CYSS3B_SPR_5U_PM8\P26_GGIO1\ZMtrInd1\zInd) & (CYSS3B_SPR_5U_PM8\P26_GGIO1\ZMtrInd3\zInd),330,335
BKR336,(CYSS3B_ASC22L_PM8\P26_GGIO1\ZMtrInd1\zInd) & (CYSS3B_ASC22L_PM8\P26_GGIO1\ZMtrInd3\zInd),330,336
BKR337,(CYSS3B_ASC19W_PM8\P26_GGIO1\ZMtrInd1\zInd) & (CYSS3B_ASC19W_PM8\P26_GGIO1\ZMtrInd3\zInd),330,337
BKR338,(CYSS3B_ASC20L_PM8\P26_GGIO1\ZMtrInd1\zInd) & (CYSS3B_ASC20L_PM8\P26_GGIO1\ZMtrInd3\zInd),330,338
BKR339,(CYSS3B_ASC17W_PM8\P26_GGIO1\ZMtrInd1\zInd) & (CYSS3B_ASC17W_PM8\P26_GGIO1\ZMtrInd3\zInd),330,339
BKR340,(CYSS3B_ASC18L_PM8\P26_GGIO1\ZMtrInd1\zInd) & (CYSS3B_ASC18L_PM8\P26_GGIO1\ZMtrInd3\zInd),330,340
,,,
// RP6_OL,,,
MTR323,RP6_MAIN_PM8\MMXU1\PPV\zavg >= 50,323,
BKR323,1,127,323
BKR324,RP6_MAIN_MTU\XCBR1\Pos = 2,323,324
,,,
// RP7_OL,,,
MTR325,RP7_MAIN_PM8\MMXU1\PPV\zavg >= 50,325,
BKR325,1,144,325
BKR326,RP7_MAIN_MTU\XCBR1\Pos = 2,325,326
,,,
// RP8_OL,,,
MTR327,RP8_MAIN_PM8\MMXU1\PPV\zavg >= 50,327,
BKR327,1,144,327
BKR328,RP8_MAIN_MTU\XCBR1\Pos = 2,327,328
,,,
// IYLV2_OL,,,
MTR342,IYLV2_MAIN_PM8\MMXU1\PPV\zavg >= 50,342,
BKR342,1,341,342
BKR343,IYLV2_MAIN_MTU\XCBR1\Pos = 2,342,343
,,,
// MDB2_OL,,,
MTR345,BXB_BLDG_MDB2_MTU\MMXU1\PPV\zavg >= 50,183,
BKR345,BXB_BLDG_MDB2_MTU\XCBR1\Pos = 2,183,345
,,,
// MDB9_OL,,,
MTR346,BXB_BLDG_MDB9_MTU\MMXU1\PPV\zavg >= 50,194,
BKR346,BXB_BLDG_MDB9_MTU\XCBR1\Pos = 2,194,346




