Bus1 , 
Bus2 , Src1 , Mtr1 , Bkr7 , 
Bus3 , Mtr40 , Bkr14 , Bkr40 , 
Bus4 , Mtr41 , Mtr43 , Bkr40 , Bkr42 , 
Bus5 , Mtr60 , Bkr28 , Bkr60 , 
Bus6 , Mtr61 , Mtr63 , Bkr60 , Bkr62 , 
Bus7 , Mtr2 , Mtr3 , Mtr4 , Mtr5 , Mtr6 , Mtr7 , Mtr8 , Mtr9 , Mtr10 , Mtr11 , Mtr12 , Mtr13 , Mtr14 , Mtr15 , Bkr7 , Bkr8 , Bkr9 , Bkr10 , Bkr11 , Bkr12 , Bkr13 , Bkr14 , Bkr15 , Bkr16 , Bkr17 , Bkr18 , Bkr19 , Bkr20 , Bkr21 , 
Bus8 , Bkr8 , 
Bus9 , Mtr16 , Mtr17 , Mtr18 , Mtr19 , Mtr20 , Mtr21 , Mtr22 , Mtr23 , Mtr24 , Mtr25 , Bkr3 , Bkr9 , Bkr22 , Bkr23 , Bkr24 , Bkr25 , Bkr26 , Bkr27 , Bkr28 , Bkr29 , Bkr30 , Bkr31 , 
Bus10 , Bkr10 , 
Bus11 , Bkr11 , Bkr53 , Bkr73 , 
Bus12 , Mtr89 , Bkr12 , Bkr80 , 
Bus13 , Bkr13 , 
Bus14 , 
Bus15 , Bkr15 , Bkr268 , 
Bus16 , Bkr16 , 
Bus17 , Bkr17 , 
Bus18 , Bkr18 , 
Bus19 , Bkr19 , 
Bus20 , Bkr20 , 
Bus21 , Bkr21 , 
Bus22 , Bkr22 , 
Bus23 , Bkr23 , 
Bus24 , Bkr24 , 
Bus25 , Bkr25 , 
Bus26 , Bkr26 , 
Bus27 , Bkr27 , 
Bus28 , Src2 , Mtr28 , Bkr3 , 
Bus29 , Bkr29 , Bkr269 , 
Bus30 , Bkr30 , Bkr216 , Bkr218 , 
Bus31 , Mtr99 , Bkr31 , Bkr90 , 
Bus32 , 
Bus33 , Src3 , Mtr33 , Bkr33 , 
Bus34 , 
Bus35 , Src4 , Mtr35 , Bkr35 , 
Bus36 , 
Bus37 , 
Bus38 , 
Bus39 , 
Bus40 , 
Bus41 , 
Bus42 , Mtr44 , Bkr42 , Bkr43 , Bkr45 , Bkr47 , Bkr49 , Bkr51 , 
Bus43 , Bkr43 , Bkr44 , 
Bus44 , Bkr44 , 
Bus45 , Bkr45 , Bkr46 , 
Bus46 , Bkr46 , 
Bus47 , Bkr47 , Bkr48 , 
Bus48 , Bkr48 , 
Bus49 , Bkr49 , Bkr50 , 
Bus50 , Bkr50 , 
Bus51 , Bkr51 , Bkr52 , 
Bus52 , Bkr52 , 
Bus53 , Mtr53 , Bkr53 , Bkr54 , 
Bus54 , Bkr54 , 
Bus55 , Mtr55 , Bkr55 , Bkr56 , 
Bus56 , Bkr56 , 
Bus57 , 
Bus58 , 
Bus59 , 
Bus60 , 
Bus61 , 
Bus62 , Mtr64 , Bkr62 , Bkr63 , Bkr65 , Bkr67 , Bkr69 , Bkr71 , 
Bus63 , Bkr63 , Bkr64 , 
Bus64 , Bkr64 , 
Bus65 , Bkr65 , Bkr66 , 
Bus66 , Bkr66 , 
Bus67 , Bkr67 , Bkr68 , 
Bus68 , Bkr68 , 
Bus69 , Bkr69 , Bkr70 , 
Bus70 , Bkr70 , 
Bus71 , Bkr71 , Bkr72 , 
Bus72 , Bkr72 , 
Bus73 , Mtr73 , Bkr73 , Bkr74 , 
Bus74 , Bkr74 , 
Bus75 , Mtr75 , Bkr75 , Bkr76 , 
Bus76 , Bkr76 , 
Bus77 , Mtr77 , Bkr77 , Bkr78 , 
Bus78 , Bkr78 , 
Bus79 , 
Bus80 , Mtr81 , Mtr82 , Mtr83 , Mtr84 , Mtr85 , Mtr86 , Mtr87 , Mtr88 , Bkr4 , Bkr80 , Bkr81 , Bkr82 , Bkr83 , Bkr84 , Bkr85 , Bkr86 , Bkr87 , Bkr88 , 
Bus81 , Bkr81 , 
Bus82 , Bkr82 , 
Bus83 , Bkr83 , 
Bus84 , Bkr84 , 
Bus85 , Bkr85 , 
Bus86 , Bkr86 , 
Bus87 , Bkr87 , 
Bus88 , Bkr88 , 
Bus89 , 
Bus90 , Mtr91 , Mtr92 , Mtr93 , Mtr94 , Mtr95 , Mtr96 , Mtr97 , Mtr98 , Bkr4 , Bkr90 , Bkr91 , Bkr92 , Bkr93 , Bkr94 , Bkr95 , Bkr96 , Bkr97 , Bkr98 , 
Bus91 , Bkr91 , 
Bus92 , Bkr92 , 
Bus93 , Bkr93 , 
Bus94 , Bkr94 , 
Bus95 , Bkr95 , 
Bus96 , Bkr96 , 
Bus97 , Bkr97 , 
Bus98 , Bkr98 , 
Bus99 , 
Bus100 , Mtr101 , Mtr102 , Mtr103 , Mtr104 , Mtr105 , Mtr106 , Mtr107 , Mtr108 , Bkr5 , Bkr100 , Bkr101 , Bkr102 , Bkr103 , Bkr104 , Bkr105 , Bkr106 , Bkr107 , Bkr108 , 
Bus101 , Bkr101 , 
Bus102 , Bkr102 , 
Bus103 , Bkr103 , 
Bus104 , Bkr104 , 
Bus105 , Bkr105 , 
Bus106 , Bkr106 , 
Bus107 , Bkr107 , 
Bus108 , Bkr108 , 
Bus109 , 
Bus110 , Mtr111 , Mtr112 , Mtr113 , Mtr114 , Mtr115 , Mtr116 , Mtr117 , Mtr118 , Bkr5 , Bkr110 , Bkr111 , Bkr112 , Bkr113 , Bkr114 , Bkr115 , Bkr116 , Bkr117 , Bkr118 , 
Bus111 , Bkr111 , 
Bus112 , Bkr112 , 
Bus113 , Bkr113 , 
Bus114 , Bkr114 , 
Bus115 , Bkr115 , 
Bus116 , Bkr116 , 
Bus117 , Bkr117 , 
Bus118 , Bkr118 , 
Bus119 , 
Bus120 , 
Bus121 , Mtr122 , Mtr123 , Mtr124 , Mtr125 , Mtr126 , Mtr127 , Mtr128 , Mtr129 , Mtr130 , Mtr131 , Bkr33 , Bkr121 , Bkr122 , Bkr123 , Bkr124 , Bkr125 , Bkr126 , Bkr127 , Bkr128 , Bkr129 , Bkr130 , Bkr131 , 
Bus122 , Bkr122 , 
Bus123 , Bkr123 , 
Bus124 , Bkr124 , 
Bus125 , Mtr200 , Bkr125 , Bkr200 , 
Bus126 , Bkr55 , Bkr75 , Bkr126 , 
Bus127 , Bkr77 , Bkr127 , Bkr323 , 
Bus128 , Bkr128 , 
Bus129 , Bkr129 , 
Bus130 , Mtr109 , Bkr100 , Bkr130 , 
Bus131 , Mtr310 , Bkr131 , Bkr310 , 
Bus132 , 
Bus133 , 
Bus134 , 
Bus135 , 
Bus136 , 
Bus137 , 
Bus138 , 
Bus139 , 
Bus140 , 
Bus141 , Mtr142 , Mtr143 , Mtr144 , Mtr145 , Mtr146 , Mtr147 , Mtr148 , Mtr149 , Mtr150 , Mtr151 , Bkr35 , Bkr121 , Bkr142 , Bkr143 , Bkr144 , Bkr145 , Bkr146 , Bkr147 , Bkr148 , Bkr149 , Bkr150 , Bkr151 , 
Bus142 , Mtr119 , Bkr110 , Bkr142 , 
Bus143 , Mtr330 , Bkr143 , Bkr330 , 
Bus144 , Bkr144 , Bkr325 , Bkr327 , 
Bus145 , Bkr145 , 
Bus146 , Bkr146 , 
Bus147 , Bkr147 , 
Bus148 , Bkr148 , 
Bus149 , Bkr149 , 
Bus150 , Bkr150 , 
Bus151 , Bkr151 , 
Bus152 , 
Bus153 , 
Bus154 , 
Bus155 , 
Bus156 , 
Bus157 , 
Bus158 , 
Bus159 , 
Bus160 , 
Bus161 , 
Bus162 , 
Bus163 , 
Bus164 , 
Bus165 , 
Bus166 , 
Bus167 , 
Bus168 , 
Bus169 , 
Bus170 , 
Bus171 , 
Bus172 , 
Bus173 , 
Bus174 , 
Bus175 , 
Bus176 , 
Bus177 , 
Bus178 , 
Bus179 , Bkr180 , 
Bus180 , Mtr180 , Bkr180 , Bkr181 , 
Bus181 , Bkr179 , Bkr181 , Bkr182 , Bkr183 , Bkr184 , Bkr185 , Bkr186 , Bkr187 , Bkr188 , 
Bus182 , Bkr182 , 
Bus183 , Mtr345 , Bkr183 , Bkr345 , 
Bus184 , Mtr306 , Bkr184 , Bkr306 , 
Bus185 , Mtr305 , Bkr185 , Bkr305 , 
Bus186 , Mtr304 , Bkr186 , Bkr304 , 
Bus187 , Mtr303 , Bkr187 , Bkr303 , 
Bus188 , Bkr188 , 
Bus189 , Bkr190 , 
Bus190 , Mtr190 , Bkr190 , Bkr191 , 
Bus191 , Bkr179 , Bkr191 , Bkr192 , Bkr193 , Bkr194 , Bkr195 , Bkr196 , Bkr197 , Bkr198 , 
Bus192 , Bkr192 , 
Bus193 , Bkr193 , 
Bus194 , Mtr346 , Bkr194 , Bkr346 , 
Bus195 , Mtr302 , Bkr195 , Bkr302 , 
Bus196 , Mtr300 , Bkr196 , Bkr300 , 
Bus197 , Mtr301 , Bkr197 , Bkr301 , 
Bus198 , Bkr198 , 
Bus199 , 
Bus200 , Mtr201 , Mtr202 , Mtr203 , Mtr204 , Mtr205 , Mtr206 , Mtr208 , Bkr200 , Bkr201 , Bkr202 , Bkr203 , Bkr204 , Bkr205 , Bkr206 , Bkr208 , 
Bus201 , Bkr201 , 
Bus202 , Bkr202 , 
Bus203 , Bkr203 , 
Bus204 , Bkr204 , 
Bus205 , Bkr205 , Bkr210 , 
Bus206 , Bkr206 , Bkr213 , 
Bus207 , 
Bus208 , Bkr208 , 
Bus209 , 
Bus210 , Mtr210 , Bkr210 , Bkr211 , 
Bus211 , Bkr211 , 
Bus212 , 
Bus213 , Mtr213 , Bkr213 , Bkr214 , 
Bus214 , Bkr214 , 
Bus215 , 
Bus216 , Mtr216 , Bkr216 , Bkr217 , 
Bus217 , Bkr217 , 
Bus218 , Mtr218 , Bkr218 , Bkr219 , 
Bus219 , Bkr219 , 
Bus220 , Mtr220 , Bkr221 , 
Bus221 , Bkr221 , Bkr222 , 
Bus222 , Bkr222 , 
Bus223 , 
Bus224 , 
Bus225 , Mtr225 , Bkr226 , Bkr281 , 
Bus226 , Bkr226 , Bkr260 , Bkr261 , Bkr262 , Bkr263 , Bkr264 , Bkr265 , Bkr266 , 
Bus227 , 
Bus228 , 
Bus229 , 
Bus230 , Mtr230 , Bkr231 , Bkr282 , Bkr283 , 
Bus231 , Bkr231 , Bkr254 , Bkr255 , Bkr256 , Bkr257 , Bkr258 , Bkr259 , 
Bus232 , 
Bus233 , Mtr233 , Bkr234 , 
Bus234 , Bkr234 , Bkr235 , Bkr236 , Bkr237 , Bkr238 , Bkr239 , Bkr240 , 
Bus235 , Bkr235 , 
Bus236 , Bkr236 , 
Bus237 , Bkr237 , 
Bus238 , Bkr238 , 
Bus239 , Bkr239 , 
Bus240 , Bkr240 , 
Bus241 , Mtr241 , Bkr242 , Bkr280 , 
Bus242 , Bkr242 , Bkr243 , Bkr244 , Bkr245 , Bkr246 , Bkr247 , Bkr248 , Bkr249 , Bkr250 , Bkr251 , Bkr252 , 
Bus243 , Bkr243 , 
Bus244 , Bkr244 , 
Bus245 , Bkr245 , 
Bus246 , Bkr246 , 
Bus247 , Bkr247 , 
Bus248 , Bkr248 , 
Bus249 , Bkr249 , 
Bus250 , Bkr250 , 
Bus251 , Bkr251 , 
Bus252 , Bkr252 , 
Bus253 , 
Bus254 , Bkr254 , 
Bus255 , Bkr255 , 
Bus256 , Bkr256 , 
Bus257 , Bkr257 , 
Bus258 , Bkr258 , 
Bus259 , Bkr259 , 
Bus260 , Bkr260 , 
Bus261 , Bkr261 , 
Bus262 , Bkr262 , 
Bus263 , Bkr263 , Bkr283 , 
Bus264 , Bkr264 , 
Bus265 , Bkr265 , 
Bus266 , Bkr266 , 
Bus267 , 
Bus268 , Bkr268 , 
Bus269 , Bkr269 , 
Bus270 , Mtr270 , Bkr271 , 
Bus271 , Bkr271 , Bkr272 , Bkr273 , Bkr274 , 
Bus272 , Bkr272 , 
Bus273 , Bkr273 , 
Bus274 , Bkr274 , 
Bus275 , 
Bus276 , 
Bus277 , 
Bus278 , 
Bus279 , 
Bus280 , Bkr280 , 
Bus281 , Bkr281 , 
Bus282 , Src50 , Bkr282 , 
Bus283 , 
Bus284 , 
Bus285 , 
Bus286 , 
Bus287 , 
Bus288 , 
Bus289 , 
Bus290 , 
Bus291 , 
Bus292 , 
Bus293 , 
Bus294 , 
Bus295 , 
Bus296 , 
Bus297 , 
Bus298 , 
Bus299 , 
Bus300 , Bkr300 , 
Bus301 , Bkr301 , 
Bus302 , Bkr302 , 
Bus303 , Bkr303 , 
Bus304 , Bkr304 , 
Bus305 , Bkr305 , 
Bus306 , Bkr306 , 
Bus307 , 
Bus308 , 
Bus309 , 
Bus310 , Mtr311 , Mtr312 , Mtr313 , Mtr314 , Mtr315 , Mtr316 , Mtr317 , Mtr318 , Mtr319 , Mtr320 , Bkr310 , Bkr311 , Bkr312 , Bkr313 , Bkr314 , Bkr315 , Bkr316 , Bkr317 , Bkr318 , Bkr319 , Bkr320 , Bkr321 , 
Bus311 , Bkr311 , 
Bus312 , Bkr312 , 
Bus313 , Bkr313 , 
Bus314 , Bkr314 , 
Bus315 , Bkr315 , 
Bus316 , Bkr316 , 
Bus317 , Bkr317 , 
Bus318 , Bkr318 , 
Bus319 , Bkr319 , 
Bus320 , Bkr320 , 
Bus321 , 
Bus322 , 
Bus323 , Mtr323 , Bkr323 , Bkr324 , 
Bus324 , Bkr324 , 
Bus325 , Mtr325 , Bkr325 , Bkr326 , 
Bus326 , Bkr326 , 
Bus327 , Mtr327 , Bkr327 , Bkr328 , 
Bus328 , Bkr328 , 
Bus329 , 
Bus330 , Mtr331 , Mtr332 , Mtr333 , Mtr334 , Mtr335 , Mtr336 , Mtr337 , Mtr338 , Mtr339 , Mtr340 , Bkr321 , Bkr330 , Bkr331 , Bkr332 , Bkr333 , Bkr334 , Bkr335 , Bkr336 , Bkr337 , Bkr338 , Bkr339 , Bkr340 , 
Bus331 , Bkr331 , 
Bus332 , Bkr332 , 
Bus333 , Bkr333 , 
Bus334 , Bkr334 , 
Bus335 , Bkr335 , 
Bus336 , Bkr336 , 
Bus337 , Bkr337 , 
Bus338 , Bkr338 , 
Bus339 , Bkr339 , 
Bus340 , Bkr340 , 
Bus341 , Bkr342 , 
Bus342 , Mtr342 , Bkr342 , Bkr343 , 
Bus343 , Bkr343 , 
Bus344 , 
Bus345 , Bkr345 , 
Bus346 , Bkr346 , 
Bus347 , 
Bus348 , 
Bus349 , 
Bus350 , 
Bus351 , 
Bus352 , 
Bus353 , 
Bus354 , 
Bus355 , 
Bus356 , 
Bus357 , 
Bus358 , 
Bus359 , 
Bus360 , 
Bus361 , 
Bus362 , 
Bus363 , 
Bus364 , 
Bus365 , 
Bus366 , 
Bus367 , 
Bus368 , 
Bus369 , 
Bus370 , 
Bus371 , 
Bus372 , 
Bus373 , 
Bus374 , 
Bus375 , 
Bus376 , 
Bus377 , 
Bus378 , 
Bus379 , 
Bus380 , 
Bus381 , 
Bus382 , 
Bus383 , 
Bus384 , 
Bus385 , 
Bus386 , 
Bus387 , 
Bus388 , 
Bus389 , 
Bus390 , 
Bus391 , 
Bus392 , 
Bus393 , 
Bus394 , 
Bus395 , 
Bus396 , 
Bus397 , 
Bus398 , 
Bus399 , 
Bus400 , 
Bus401 , 
Bus402 , 
Bus403 , 
Bus404 , 
Bus405 , 
Bus406 , 
Bus407 , 
Bus408 , 
Bus409 , 
Bus410 , 
Bus411 , 
Bus412 , 
Bus413 , 
Bus414 , 
Bus415 , 
Bus416 , 
Bus417 , 
Bus418 , 
Bus419 , 
Bus420 , 
Bus421 , 
Bus422 , 
Bus423 , 
Bus424 , 
Bus425 , 
Bus426 , 
Bus427 , 
Bus428 , 
Bus429 , 
Bus430 , 
Bus431 , 
Bus432 , 
Bus433 , 
Bus434 , 
Bus435 , 
Bus436 , 
Bus437 , 
Bus438 , 
Bus439 , 
Bus440 , 
Bus441 , 
Bus442 , 
Bus443 , 
Bus444 , 
Bus445 , 
Bus446 , 
Bus447 , 
Bus448 , 
Bus449 , 
Bus450 , 
Bus451 , 
Bus452 , 
Bus453 , 
Bus454 , 
Bus455 , 
Bus456 , 
Bus457 , 
Bus458 , 
Bus459 , 
Bus460 , 
Bus461 , 
Bus462 , 
Bus463 , 
Bus464 , 
Bus465 , 
Bus466 , 
Bus467 , 
Bus468 , 
Bus469 , 
Bus470 , 
Bus471 , 
Bus472 , 
Bus473 , 
Bus474 , 
Bus475 , 
Bus476 , 
Bus477 , 
Bus478 , 
Bus479 , 
Bus480 , 
Bus481 , 
Bus482 , 
Bus483 , 
Bus484 , 
Bus485 , 
Bus486 , 
Bus487 , 
Bus488 , 
Bus489 , 
Bus490 , 
Bus491 , 
Bus492 , 
Bus493 , 
Bus494 , 
Bus495 , 
Bus496 , 
Bus497 , 
Bus498 , 
Bus499 , 
Bus500 , 
Bus501 , 
Bus502 , 
Bus503 , 
Bus504 , 
Bus505 , 
Bus506 , 
Bus507 , 
Bus508 , 
Bus509 , 
Bus510 , 
Bus511 , 
Bus512 , 
Bus513 , 
Bus514 , 
Bus515 , 
Bus516 , 
Bus517 , 
Bus518 , 
Bus519 , 
Bus520 , 
Bus521 , 
Bus522 , 
Bus523 , 
Bus524 , 
Bus525 , 
Bus526 , 
Bus527 , 
Bus528 , 
Bus529 , 
Bus530 , 
Bus531 , 
Bus532 , 
Bus533 , 
Bus534 , 
Bus535 , 
Bus536 , 
Bus537 , 
Bus538 , 
Bus539 , 
Bus540 , 
Bus541 , 
Bus542 , 
Bus543 , 
Bus544 , 
Bus545 , 
Bus546 , 
Bus547 , 
Bus548 , 
Bus549 , 
Bus550 , 
Bus551 , 
Bus552 , 
Bus553 , 
Bus554 , 
Bus555 , 
Bus556 , 
Bus557 , 
Bus558 , 
Bus559 , 
Bus560 , 
Bus561 , 
Bus562 , 
Bus563 , 
Bus564 , 
Bus565 , 
Bus566 , 
Bus567 , 
Bus568 , 
Bus569 , 
Bus570 , 
Bus571 , 
Bus572 , 
Bus573 , 
Bus574 , 
Bus575 , 
Bus576 , 
Bus577 , 
Bus578 , 
Bus579 , 
Bus580 , 
Bus581 , 
Bus582 , 
Bus583 , 
Bus584 , 
Bus585 , 
Bus586 , 
Bus587 , 
Bus588 , 
Bus589 , 
Bus590 , 
Bus591 , 
Bus592 , 
Bus593 , 
Bus594 , 
Bus595 , 
Bus596 , 
Bus597 , 
Bus598 , 
Bus599 , 
Bus600 , 
Bus601 , 
Bus602 , 
Bus603 , 
Bus604 , 
Bus605 , 
Bus606 , 
Bus607 , 
Bus608 , 
Bus609 , 
Bus610 , 
Bus611 , 
Bus612 , 
Bus613 , 
Bus614 , 
Bus615 , 
Bus616 , 
Bus617 , 
Bus618 , 
Bus619 , 
Bus620 , 
Bus621 , 
Bus622 , 
Bus623 , 
Bus624 , 
Bus625 , 
Bus626 , 
Bus627 , 
Bus628 , 
Bus629 , 
Bus630 , 
Bus631 , 
Bus632 , 
Bus633 , 
Bus634 , 
Bus635 , 
Bus636 , 
Bus637 , 
Bus638 , 
Bus639 , 
Bus640 , 
Bus641 , 
Bus642 , 
Bus643 , 
Bus644 , 
Bus645 , 
Bus646 , 
Bus647 , 
Bus648 , 
Bus649 , 
Bus650 , 
Bus651 , 
Bus652 , 
Bus653 , 
Bus654 , 
Bus655 , 
Bus656 , 
Bus657 , 
Bus658 , 
Bus659 , 
Bus660 , 
Bus661 , 
Bus662 , 
Bus663 , 
Bus664 , 
Bus665 , 
Bus666 , 
Bus667 , 
Bus668 , 
Bus669 , 
Bus670 , 
Bus671 , 
Bus672 , 
Bus673 , 
Bus674 , 
Bus675 , 
Bus676 , 
Bus677 , 
Bus678 , 
Bus679 , 
Bus680 , 
Bus681 , 
Bus682 , 
Bus683 , 
Bus684 , 
Bus685 , 
Bus686 , 
Bus687 , 
Bus688 , 
Bus689 , 
Bus690 , 
Bus691 , 
Bus692 , 
Bus693 , 
Bus694 , 
Bus695 , 
Bus696 , 
Bus697 , 
Bus698 , 
Bus699 , 
Bus700 , 
Bus701 , 
Bus702 , 
Bus703 , 
Bus704 , 
Bus705 , 
Bus706 , 
Bus707 , 
Bus708 , 
Bus709 , 
Bus710 , 
Bus711 , 
Bus712 , 
Bus713 , 
Bus714 , 
Bus715 , 
Bus716 , 
Bus717 , 
Bus718 , 
Bus719 , 
Bus720 , 
Bus721 , 
Bus722 , 
Bus723 , 
Bus724 , 
Bus725 , 
Bus726 , 
Bus727 , 
Bus728 , 
Bus729 , 
Bus730 , 
Bus731 , 
Bus732 , 
Bus733 , 
Bus734 , 
Bus735 , 
Bus736 , 
Bus737 , 
Bus738 , 
Bus739 , 
Bus740 , 
Bus741 , 
Bus742 , 
Bus743 , 
Bus744 , 
Bus745 , 
Bus746 , 
Bus747 , 
Bus748 , 
Bus749 , 
Bus750 , 
Bus751 , 
Bus752 , 
Bus753 , 
Bus754 , 
Bus755 , 
Bus756 , 
Bus757 , 
Bus758 , 
Bus759 , 
Bus760 , 
Bus761 , 
Bus762 , 
Bus763 , 
Bus764 , 
Bus765 , 
Bus766 , 
Bus767 , 
Bus768 , 
Bus769 , 
Bus770 , 
Bus771 , 
Bus772 , 
Bus773 , 
Bus774 , 
Bus775 , 
Bus776 , 
Bus777 , 
Bus778 , 
Bus779 , 
Bus780 , 
Bus781 , 
Bus782 , 
Bus783 , 
Bus784 , 
Bus785 , 
Bus786 , 
Bus787 , 
Bus788 , 
Bus789 , 
Bus790 , 
Bus791 , 
Bus792 , 
Bus793 , 
Bus794 , 
Bus795 , 
Bus796 , 
Bus797 , 
Bus798 , 
Bus799 , 
Bus800 , 
Bus801 , 
Bus802 , 
Bus803 , 
Bus804 , 
Bus805 , 
Bus806 , 
Bus807 , 
Bus808 , 
Bus809 , 
Bus810 , 
Bus811 , 
Bus812 , 
Bus813 , 
Bus814 , 
Bus815 , 
Bus816 , 
Bus817 , 
Bus818 , 
Bus819 , 
Bus820 , 
Bus821 , 
Bus822 , 
Bus823 , 
Bus824 , 
Bus825 , 
Bus826 , 
Bus827 , 
Bus828 , 
Bus829 , 
Bus830 , 
Bus831 , 
Bus832 , 
Bus833 , 
Bus834 , 
Bus835 , 
Bus836 , 
Bus837 , 
Bus838 , 
Bus839 , 
Bus840 , 
Bus841 , 
Bus842 , 
Bus843 , 
Bus844 , 
Bus845 , 
Bus846 , 
Bus847 , 
Bus848 , 
Bus849 , 
Bus850 , 
Bus851 , 
Bus852 , 
Bus853 , 
Bus854 , 
Bus855 , 
Bus856 , 
Bus857 , 
Bus858 , 
Bus859 , 
Bus860 , 
Bus861 , 
Bus862 , 
Bus863 , 
Bus864 , 
Bus865 , 
Bus866 , 
Bus867 , 
Bus868 , 
Bus869 , 
Bus870 , 
Bus871 , 
Bus872 , 
Bus873 , 
Bus874 , 
Bus875 , 
Bus876 , 
Bus877 , 
Bus878 , 
Bus879 , 
Bus880 , 
Bus881 , 
Bus882 , 
Bus883 , 
Bus884 , 
Bus885 , 
Bus886 , 
Bus887 , 
Bus888 , 
Bus889 , 
Bus890 , 
Bus891 , 
Bus892 , 
Bus893 , 
Bus894 , 
Bus895 , 
Bus896 , 
Bus897 , 
Bus898 , 
Bus899 , 
Bus900 , 
Bus901 , 
Bus902 , 
Bus903 , 
Bus904 , 
Bus905 , 
Bus906 , 
Bus907 , 
Bus908 , 
Bus909 , 
Bus910 , 
Bus911 , 
Bus912 , 
Bus913 , 
Bus914 , 
Bus915 , 
Bus916 , 
Bus917 , 
Bus918 , 
Bus919 , 
Bus920 , 
Bus921 , 
Bus922 , 
Bus923 , 
Bus924 , 
Bus925 , 
Bus926 , 
Bus927 , 
Bus928 , 
Bus929 , 
Bus930 , 
Bus931 , 
Bus932 , 
Bus933 , 
Bus934 , 
Bus935 , 
Bus936 , 
Bus937 , 
Bus938 , 
Bus939 , 
Bus940 , 
Bus941 , 
Bus942 , 
Bus943 , 
Bus944 , 
Bus945 , 
Bus946 , 
Bus947 , 
Bus948 , 
Bus949 , 
Bus950 , 
Bus951 , 
Bus952 , 
Bus953 , 
Bus954 , 
Bus955 , 
Bus956 , 
Bus957 , 
Bus958 , 
Bus959 , 
Bus960 , 
Bus961 , 
Bus962 , 
Bus963 , 
Bus964 , 
Bus965 , 
Bus966 , 
Bus967 , 
Bus968 , 
Bus969 , 
Bus970 , 
Bus971 , 
Bus972 , 
Bus973 , 
Bus974 , 
Bus975 , 
Bus976 , 
Bus977 , 
Bus978 , 
Bus979 , 
Bus980 , 
Bus981 , 
Bus982 , 
Bus983 , 
Bus984 , 
Bus985 , 
Bus986 , 
Bus987 , 
Bus988 , 
Bus989 , 
Bus990 , 
Bus991 , 
Bus992 , 
Bus993 , 
Bus994 , 
Bus995 , 
Bus996 , 
Bus997 , 
Bus998 , 
Bus999 , 
Bus1000 , Bkr290 , Bkr291 , Bkr292 , Bkr293 , Bkr294 , Bkr295 , Bkr296 , Bkr297 , Bkr298 , 
